{
    "length": 15023.274000000002,
    "time": 6.024857677902625
}