{
    "length": 8023.274000000002,
    "time": 15.024857677902625
}